Movie Name,Rating,Duration,Link
Joker (2019),8.4,2:01:50,https://seen.egybest.vin/movie/joker-2019/?ref=movies-p1
The Batman (2022),7.9,2:56:12,https://seen.egybest.vin/movie/the-batman-2022/?ref=movies-p1
Avengers: Endgame (2019),8.4,3:01:12,https://seen.egybest.vin/movie/avengers-endgame-2019/?ref=movies-p1
Interstellar (2014),8.6,2:49:04,https://seen.egybest.vin/movie/interstellar-2014/?ref=movies-p1
Spider-Man: No Way Home (2021),8.3,2:28:10,https://seen.egybest.vin/movie/spider-man-no-way-home-2021/?ref=movies-p1
Inception (2010),8.8,2:28:09,https://seen.egybest.vin/movie/inception-2010/?ref=movies-p1
The Dark Knight (2008),9,2:32:14,https://seen.egybest.vin/movie/the-dark-knight-2008/?ref=movies-p1
The Irishman (2019),7.9,3:29:27,https://seen.egybest.vin/movie/the-irishman-2019/?ref=movies-p1
Avengers: Infinity War (2018),8.4,2:29:22,https://seen.egybest.vin/movie/avengers-infinity-war-2018/?ref=movies-p1
Dune (2021),8,2:35:27,https://seen.egybest.vin/movie/dune-2021/?ref=movies-p1
Parasite (2019),8.5,2:11:49,https://seen.egybest.vin/movie/parasite-2019/?ref=movies-p1
The Dark Knight Rises (2012),8.4,2:44:33,https://seen.egybest.vin/movie/the-dark-knight-rises-2012/?ref=movies-p1
The Wolf of Wall Street (2013),8.2,2:59:53,https://seen.egybest.vin/movie/the-wolf-of-wall-street-2013/?ref=movies-p2
Once Upon a Time ... in Hollywood (2019),7.6,2:41:30,https://seen.egybest.vin/movie/once-upon-a-time-in-hollywood-2019/?ref=movies-p2
Deadpool (2016),8,1:48:07,https://seen.egybest.vin/movie/deadpool-2016/?ref=movies-p2
Django Unchained (2012),8.4,2:45:22,https://seen.egybest.vin/movie/django-unchained-2012/?ref=movies-p2
Top Gun: Maverick (2022),8.5,2:10:15,https://seen.egybest.vin/movie/top-gun-maverick-2022/?ref=movies-p2
Bohemian Rhapsody (2018),8.1,2:14:38,https://seen.egybest.vin/movie/bohemian-rhapsody-2018/?ref=movies-p2
The Avengers (2012),8,2:22:55,https://seen.egybest.vin/movie/the-avengers-2012/?ref=movies-p2
Guardians of the Galaxy (2014),8,2:00:51,https://seen.egybest.vin/movie/guardians-of-the-galaxy-2014/?ref=movies-p2
The Shawshank Redemption (1994),9.3,2:22:34,https://seen.egybest.vin/movie/the-shawshank-redemption-1994/?ref=movies-p2
Deadpool 2 Super Duper UNRATED (2018),8,2:14:00,https://seen.egybest.vin/movie/deadpool-2-super-duper-unrated-2018/?ref=movies-p2
Zack Snyder's Justice League (2021),8,4:02:08,https://seen.egybest.vin/movie/zack-snyders-justice-league-2021/?ref=movies-p2
Mad Max: Fury Road (2015),8.1,2:00:24,https://seen.egybest.vin/movie/mad-max-fury-road-2015/?ref=movies-p2
The Lord of the Rings: The Return of the King (2003),9,4:23:16,https://seen.egybest.vin/movie/the-lord-of-the-rings-the-return-of-the-king-2003/?ref=movies-p3
1917 (2019),8.3,1:58:59,https://seen.egybest.vin/movie/1917-2019/?ref=movies-p3
Black Panther (2018),7.3,2:14:34,https://seen.egybest.vin/movie/black-panther-2018/?ref=movies-p3
Gone Girl (2014),8.1,2:29:02,https://seen.egybest.vin/movie/gone-girl-2014/?ref=movies-p3
No Time to Die (2021),7.3,2:43:25,https://seen.egybest.vin/movie/no-time-to-die-2021/?ref=movies-p3
Star Wars: The Force Awakens (2015),7.8,2:18:07,https://seen.egybest.vin/movie/star-wars-episode-vii-the-force-awakens-2015/?ref=movies-p3
Tenet (2020),7.3,2:30:10,https://seen.egybest.vin/movie/tenet-2020/?ref=movies-p3
Inglourious Basterds (2009),8.3,2:33:00,https://seen.egybest.vin/movie/inglourious-basterds-2009/?ref=movies-p3
Fight Club (1999),8.8,2:19:09,https://seen.egybest.vin/movie/fight-club-1999/?ref=movies-p3
Thor: Ragnarok (2017),7.9,2:10:31,https://seen.egybest.vin/movie/thor-ragnarok-2017/?ref=movies-p3
"Three Billboards Outside Ebbing, Missouri (2017)",8.2,1:55:21,https://seen.egybest.vin/movie/three-billboards-outside-ebbing-missouri-2017/?ref=movies-p3
Logan (2017),8.1,2:17:24,https://seen.egybest.vin/movie/logan-2017/?ref=movies-p3
Doctor Strange in the Multiverse of Madness (2022),7.1,2:06:31,https://seen.egybest.vin/movie/doctor-strange-in-the-multiverse-of-madness-2022/?ref=movies-p4
Knives Out (2019),7.9,2:10:15,https://seen.egybest.vin/movie/knives-out-2019/?ref=movies-p4
Shutter Island (2010),8.2,2:18:05,https://seen.egybest.vin/movie/shutter-island-2010/?ref=movies-p4
The Lord of the Rings: The Fellowship of the Ring (2001),8.8,3:48:18,https://seen.egybest.vin/movie/the-lord-of-the-rings-the-fellowship-of-the-ring-2001/?ref=movies-p4
Captain America: Civil War (2016),7.8,2:27:43,https://seen.egybest.vin/movie/captain-america-civil-war-2016/?ref=movies-p4
Birds of Prey (2020),6.2,1:48:55,https://seen.egybest.vin/movie/birds-of-prey-2020/?ref=movies-p4
Shang-Chi and the Legend of the Ten Rings (2021),7.4,2:12:21,https://seen.egybest.vin/movie/shang-chi-and-the-legend-of-the-ten-rings-2021/?ref=movies-p4
The Revenant (2015),8,2:36:22,https://seen.egybest.vin/movie/the-revenant-2015/?ref=movies-p4
The Matrix (1999),8.7,2:16:19,https://seen.egybest.vin/movie/the-matrix-1999/?ref=movies-p4
Deadpool 2 (2018),7.7,1:59:21,https://seen.egybest.vin/movie/deadpool-2-2018/?ref=movies-p4
Guardians of the Galaxy Vol. 2 (2017),7.6,2:15:46,https://seen.egybest.vin/movie/guardians-of-the-galaxy-vol-2-2017/?ref=movies-p4
The Lord of the Rings: The Two Towers (2002),8.8,3:55:31,https://seen.egybest.vin/movie/the-lord-of-the-rings-the-two-towers-2002/?ref=movies-p4
Captain Marvel (2019),6.8,2:03:43,https://seen.egybest.vin/movie/captain-marvel-2019/?ref=movies-p5
Free Guy (2021),7.1,1:54:59,https://seen.egybest.vin/movie/free-guy-2021/?ref=movies-p5
Avengers: Age of Ultron (2015),7.3,2:21:19,https://seen.egybest.vin/movie/avengers-age-of-ultron-2015/?ref=movies-p5
Black Widow (2021),6.7,2:13:47,https://seen.egybest.vin/movie/black-widow-2021/?ref=movies-p5
Spider-Man: Into the Spider-Verse (2018),8.4,1:56:51,https://seen.egybest.vin/movie/spider-man-into-the-spider-verse-2018/?ref=movies-p5
The Prestige (2006),8.5,2:10:30,https://seen.egybest.vin/movie/the-prestige-2006/?ref=movies-p5
Whiplash (2014),8.5,1:46:46,https://seen.egybest.vin/movie/whiplash-2014/?ref=movies-p5
Avatar (2009),7.8,2:58:10,https://seen.egybest.vin/movie/avatar-2009/?ref=movies-p5
Spider-Man: Homecoming (2017),7.4,2:13:29,https://seen.egybest.vin/movie/spider-man-homecoming-2017/?ref=movies-p5
Mission: Impossible - Fallout (2018),7.8,2:27:26,https://seen.egybest.vin/movie/mission-impossible-fallout-2018/?ref=movies-p5
Forrest Gump (1994),8.8,2:22:10,https://seen.egybest.vin/movie/forrest-gump-1994/?ref=movies-p5
Pulp Fiction (1994),8.9,2:34:21,https://seen.egybest.vin/movie/pulp-fiction-1994/?ref=movies-p5
Doctor Strange (2016),7.5,1:54:59,https://seen.egybest.vin/movie/doctor-strange-2016/?ref=movies-p6
Captain America: The Winter Soldier (2014),7.8,2:15:55,https://seen.egybest.vin/movie/captain-america-the-winter-soldier-2014/?ref=movies-p6
Spider-Man: Far from Home (2019),7.4,2:09:24,https://seen.egybest.vin/movie/spider-man-far-from-home-2019/?ref=movies-p6
The Grand Budapest Hotel (2014),8.1,1:39:55,https://seen.egybest.vin/movie/the-grand-budapest-hotel-2014/?ref=movies-p6
Wonder Woman (2017),7.4,2:21:17,https://seen.egybest.vin/movie/wonder-woman-2017/?ref=movies-p6
Arrival (2016),7.9,1:56:23,https://seen.egybest.vin/movie/arrival-2016/?ref=movies-p6
Batman Begins (2005),8.2,2:20:03,https://seen.egybest.vin/movie/batman-begins-2005/?ref=movies-p6
Everything Everywhere All at Once (2022),8.1,2:19:20,https://seen.egybest.vin/movie/everything-everywhere-all-at-once-2022/?ref=movies-p6
WALL·E (2008),8.4,1:37:26,https://seen.egybest.vin/movie/walle-2008/?ref=movies-p6
The Imitation Game (2014),8,1:54:14,https://seen.egybest.vin/movie/the-imitation-game-2014/?ref=movies-p6
Dunkirk (2017),7.8,1:46:38,https://seen.egybest.vin/movie/dunkirk-2017/?ref=movies-p6
Up (2009),8.3,1:36:08,https://seen.egybest.vin/movie/up-2009/?ref=movies-p6
The Martian (2015),8,2:31:21,https://seen.egybest.vin/movie/the-martian-2015/?ref=movies-p7
A Quiet Place (2018),7.5,1:30:15,https://seen.egybest.vin/movie/a-quiet-place-2018/?ref=movies-p7
The Departed (2006),8.5,2:31:18,https://seen.egybest.vin/movie/the-departed-2006/?ref=movies-p7
Ford v Ferrari (2019),8.1,2:32:36,https://seen.egybest.vin/movie/ford-v-ferrari-2019/?ref=movies-p7
Gravity (2013),7.7,1:30:59,https://seen.egybest.vin/movie/gravity-2013/?ref=movies-p7
Annihilation (2018),6.9,1:55:01,https://seen.egybest.vin/movie/annihilation-2018/?ref=movies-p7
Star Wars: The Last Jedi (2017),7,2:31:52,https://seen.egybest.vin/movie/star-wars-the-last-jedi-2017/?ref=movies-p7
La La Land (2016),8,2:07:48,https://seen.egybest.vin/movie/la-la-land-2016/?ref=movies-p7
Inside Out (2015),8.1,1:34:38,https://seen.egybest.vin/movie/inside-out-2015/?ref=movies-p7
Green Book (2018),8.2,2:10:05,https://seen.egybest.vin/movie/green-book-2018/?ref=movies-p7
Harry Potter and the Deathly Hallows: Part 2 (2011),8.1,2:10:27,https://seen.egybest.vin/movie/harry-potter-and-the-deathly-hallows-part-2-2011/?ref=movies-p7
Thor: Love and Thunder (2022),6.5,1:58:44,https://seen.egybest.vin/movie/thor-love-and-thunder-2022/?ref=movies-p7
Rogue One (2016),7.8,2:13:57,https://seen.egybest.vin/movie/rogue-one-a-star-wars-story-2016/?ref=movies-p8
Iron Man 3 (2013),7.2,2:10:32,https://seen.egybest.vin/movie/iron-man-3-2013/?ref=movies-p8
Blade Runner 2049 (2017),8,2:43:28,https://seen.egybest.vin/movie/blade-runner-2049-2017/?ref=movies-p8
Get Out (2017),7.7,1:44:05,https://seen.egybest.vin/movie/get-out-2017/?ref=movies-p8
Edge of Tomorrow (2014),7.9,1:53:30,https://seen.egybest.vin/movie/edge-of-tomorrow-2014/?ref=movies-p8
The Intouchables (2011),8.5,1:52:18,https://seen.egybest.vin/movie/the-intouchables-2011/?ref=movies-p8
X-Men: Days of Future Past (2014),7.9,2:11:35,https://seen.egybest.vin/movie/x-men-days-of-future-past-2014/?ref=movies-p8
Don't Look Up (2021),7.3,2:23:11,https://seen.egybest.vin/movie/dont-look-up-2021/?ref=movies-p8
The Hunger Games (2012),7.2,2:22:34,https://seen.egybest.vin/movie/the-hunger-games-2012/?ref=movies-p8
Iron Man (2008),7.9,2:06:02,https://seen.egybest.vin/movie/iron-man-2008/?ref=movies-p8
It (2017),7.3,2:14:43,https://seen.egybest.vin/movie/it-2017/?ref=movies-p8
Ant-Man (2015),7.3,1:57:06,https://seen.egybest.vin/movie/ant-man-2015/?ref=movies-p8
12 Years a Slave (2013),8.1,2:14:10,https://seen.egybest.vin/movie/12-years-a-slave-2013/?ref=movies-p9
The Hobbit: An Unexpected Journey (2012),7.8,2:49:37,https://seen.egybest.vin/movie/the-hobbit-an-unexpected-journey-2012/?ref=movies-p9
Batman v Superman: Dawn of Justice (2016),6.4,3:02:34,https://seen.egybest.vin/movie/batman-v-superman-dawn-of-justice-2016/?ref=movies-p9
V for Vendetta (2005),8.2,2:12:32,https://seen.egybest.vin/movie/v-for-vendetta-2005/?ref=movies-p9
Kingsman: The Secret Service (2014),7.7,2:08:37,https://seen.egybest.vin/movie/kingsman-the-secret-service-2014/?ref=movies-p9
Ready Player One (2018),7.4,2:19:59,https://seen.egybest.vin/movie/ready-player-one-2018/?ref=movies-p9
Coco (2017),8.4,1:45:02,https://seen.egybest.vin/movie/coco-2017/?ref=movies-p9
Saving Private Ryan (1998),8.6,2:48:21,https://seen.egybest.vin/movie/saving-private-ryan-1998/?ref=movies-p9
The Suicide Squad (2021),7.3,2:12:07,https://seen.egybest.vin/movie/the-suicide-squad-2021/?ref=movies-p9
Zootopia (2016),8,1:48:33,https://seen.egybest.vin/movie/zootopia-2016/?ref=movies-p9
Birdman or (The Unexpected Virtue of Ignorance) (2014),7.7,1:59:17,https://seen.egybest.vin/movie/birdman-or-2014/?ref=movies-p9
The Hateful Eight (2015),7.8,2:47:45,https://seen.egybest.vin/movie/the-hateful-eight-2015/?ref=movies-p9
Aquaman (2018),6.8,2:23:22,https://seen.egybest.vin/movie/aquaman-2018/?ref=movies-p10
Star Wars: The Rise of Skywalker (2019),6.6,2:21:54,https://seen.egybest.vin/movie/star-wars-the-rise-of-skywalker-2019/?ref=movies-p10
Nobody (2021),7.4,1:31:42,https://seen.egybest.vin/movie/nobody-2021/?ref=movies-p10
Man of Steel (2013),7,2:23:03,https://seen.egybest.vin/movie/man-of-steel-2013/?ref=movies-p10
Baby Driver (2017),7.6,1:52:40,https://seen.egybest.vin/movie/baby-driver-2017/?ref=movies-p10
Toy Story 3 (2010),8.2,1:42:34,https://seen.egybest.vin/movie/toy-story-3-2010/?ref=movies-p10
Suicide Squad (2016),5.9,2:14:33,https://seen.egybest.vin/movie/suicide-squad-2016/?ref=movies-p10
Skyfall (2012),7.8,2:23:10,https://seen.egybest.vin/movie/skyfall-2012/?ref=movies-p10
Jurassic World (2015),7,2:04:22,https://seen.egybest.vin/movie/jurassic-world-2015/?ref=movies-p10
Kill Bill: Vol. 1 (2003),8.2,1:50:44,https://seen.egybest.vin/movie/kill-bill-vol-1-2003/?ref=movies-p10
Gladiator (2000),8.5,2:50:59,https://seen.egybest.vin/movie/gladiator-2000/?ref=movies-p10
District 9 (2009),7.9,1:52:16,https://seen.egybest.vin/movie/district-9-2009/?ref=movies-p10
Oblivion (2013),7,2:04:43,https://seen.egybest.vin/movie/oblivion-2013/?ref=movies-p11
Thor (2011),7,1:54:51,https://seen.egybest.vin/movie/thor-2011/?ref=movies-p11
Sicario (2015),7.6,2:01:21,https://seen.egybest.vin/movie/sicario-2015/?ref=movies-p11
Captain America: The First Avenger (2011),6.9,2:04:12,https://seen.egybest.vin/movie/captain-america-the-first-avenger-2011/?ref=movies-p11
Black Swan (2010),8,1:48:08,https://seen.egybest.vin/movie/black-swan-2010/?ref=movies-p11
Memento (2000),8.4,1:53:27,https://seen.egybest.vin/movie/memento-2000/?ref=movies-p11
Pirates of the Caribbean: The Curse of the Black Pearl (2003),8,2:23:10,https://seen.egybest.vin/movie/pirates-of-the-caribbean-the-curse-of-the-black-pearl-2003/?ref=movies-p11
Cruella (2021),7.4,2:13:56,https://seen.egybest.vin/movie/cruella-2021/?ref=movies-p11
Red Notice (2021),6.3,1:57:59,https://seen.egybest.vin/movie/red-notice-2021/?ref=movies-p11
Hacksaw Ridge (2016),8.1,2:19:20,https://seen.egybest.vin/movie/hacksaw-ridge-2016/?ref=movies-p11
The Hobbit: The Desolation of Smaug (2013),7.8,2:41:18,https://seen.egybest.vin/movie/the-hobbit-the-desolation-of-smaug-2013/?ref=movies-p11
Split (2017),7.3,1:57:08,https://seen.egybest.vin/movie/split-2017/?ref=movies-p11
How to Train Your Dragon (2010),8.1,1:37:52,https://seen.egybest.vin/movie/how-to-train-your-dragon-2010/?ref=movies-p12
Slumdog Millionaire (2008),8,2:00:38,https://seen.egybest.vin/movie/slumdog-millionaire-2008/?ref=movies-p12
Eternal Sunshine of the Spotless Mind (2004),8.3,1:47:42,https://seen.egybest.vin/movie/eternal-sunshine-of-the-spotless-mind-2004/?ref=movies-p12
The Hunger Games: Catching Fire (2013),7.5,2:26:15,https://seen.egybest.vin/movie/the-hunger-games-catching-fire-2013/?ref=movies-p12
No Country for Old Men (2007),8.1,2:02:11,https://seen.egybest.vin/movie/no-country-for-old-men-2007/?ref=movies-p12
Now You See Me (2013),7.2,2:04:48,https://seen.egybest.vin/movie/now-you-see-me-2013/?ref=movies-p12
Her (2013),8,2:05:51,https://seen.egybest.vin/movie/her-2013/?ref=movies-p12
John Wick (2014),7.4,1:41:13,https://seen.egybest.vin/movie/john-wick-2014/?ref=movies-p12
Mission: Impossible - Rogue Nation (2015),7.4,2:11:34,https://seen.egybest.vin/movie/mission-impossible-rogue-nation-2015/?ref=movies-p12
Shazam! (2019),7,2:11:44,https://seen.egybest.vin/movie/shazam-2019/?ref=movies-p12
Ant-Man and the Wasp (2018),7,1:58:07,https://seen.egybest.vin/movie/ant-man-and-the-wasp-2018/?ref=movies-p12
Frozen (2013),7.4,1:42:14,https://seen.egybest.vin/movie/frozen-2013/?ref=movies-p12
Marriage Story (2019),7.9,2:16:59,https://seen.egybest.vin/movie/marriage-story-2019/?ref=movies-p13
Captain Phillips (2013),7.8,2:14:05,https://seen.egybest.vin/movie/captain-phillips-2013/?ref=movies-p13
John Wick: Chapter 3 - Parabellum (2019),7.4,2:11:06,https://seen.egybest.vin/movie/john-wick-chapter-3-parabellum-2019/?ref=movies-p13
Thor: The Dark World (2013),6.8,1:52:03,https://seen.egybest.vin/movie/thor-the-dark-world-2013/?ref=movies-p13
A Star Is Born (2018),7.6,2:15:46,https://seen.egybest.vin/movie/a-star-is-born-2018/?ref=movies-p13
Ex Machina (2015),7.7,1:48:01,https://seen.egybest.vin/movie/ex-machina-2015/?ref=movies-p13
War for the Planet of the Apes (2017),7.5,2:20:10,https://seen.egybest.vin/movie/war-for-the-planet-of-the-apes-2017/?ref=movies-p13
The Adam Project (2022),6.7,1:46:37,https://seen.egybest.vin/movie/the-adam-project-2022/?ref=movies-p13
The Shape of Water (2017),7.3,2:03:20,https://seen.egybest.vin/movie/the-shape-of-water-2017/?ref=movies-p13
Schindler's List (1993),9,3:15:13,https://seen.egybest.vin/movie/schindlers-list-1993/?ref=movies-p13
John Wick: Chapter 2 (2017),7.5,2:02:23,https://seen.egybest.vin/movie/john-wick-chapter-two-2017/?ref=movies-p13
Fantastic Beasts and Where to Find Them (2016),7.2,2:12:53,https://seen.egybest.vin/movie/fantastic-beasts-and-where-to-find-them-2016/?ref=movies-p13
Silver Linings Playbook (2012),7.7,2:02:06,https://seen.egybest.vin/movie/silver-linings-playbook-2012/?ref=movies-p14
Se7en (1995),8.6,2:06:50,https://seen.egybest.vin/movie/se7en-1995/?ref=movies-p14
Iron Man 2 (2010),6.9,2:04:39,https://seen.egybest.vin/movie/iron-man-2-2010/?ref=movies-p14
Encanto (2021),7.2,1:42:07,https://seen.egybest.vin/movie/encanto-2021/?ref=movies-p14
Life of Pi (2012),7.9,2:07:00,https://seen.egybest.vin/movie/life-of-pi-2012/?ref=movies-p14
X-Men: First Class (2011),7.7,2:11:43,https://seen.egybest.vin/movie/x-men-first-class-2011/?ref=movies-p14
Soul (2020),8.1,1:40:33,https://seen.egybest.vin/movie/soul-2020/?ref=movies-p14
Argo (2012),7.7,2:09:36,https://seen.egybest.vin/movie/argo-2012/?ref=movies-p14
The Gentlemen (2019),7.8,1:53:41,https://seen.egybest.vin/movie/the-gentlemen-2019/?ref=movies-p14
Finding Nemo (2003),8.1,1:40:54,https://seen.egybest.vin/movie/finding-nemo-2003/?ref=movies-p14
Venom (2018),6.7,1:52:07,https://seen.egybest.vin/movie/venom-2018/?ref=movies-p14
Gran Torino (2008),8.1,1:56:35,https://seen.egybest.vin/movie/gran-torino-2008/?ref=movies-p14
The Social Network (2010),7.8,2:00:27,https://seen.egybest.vin/movie/the-social-network-2010/?ref=movies-p15
The Silence of the Lambs (1991),8.6,1:58:48,https://seen.egybest.vin/movie/the-silence-of-the-lambs-1991/?ref=movies-p15
Prisoners (2013),8.1,2:33:11,https://seen.egybest.vin/movie/prisoners-2013/?ref=movies-p15
World War Z (2013),7,2:03:04,https://seen.egybest.vin/movie/world-war-z-2013/?ref=movies-p15
The Hangover (2009),7.7,1:47:54,https://seen.egybest.vin/movie/the-hangover-2009/?ref=movies-p15
The Hobbit: The Battle of the Five Armies (2014),7.4,2:44:03,https://seen.egybest.vin/movie/the-hobbit-the-battle-of-the-five-armies-2014/?ref=movies-p15
American Beauty (1999),8.3,2:01:40,https://seen.egybest.vin/movie/american-beauty-1999/?ref=movies-p15
The King's Speech (2010),8,1:58:28,https://seen.egybest.vin/movie/the-kings-speech-2010/?ref=movies-p15
Spotlight (2015),8.1,2:09:08,https://seen.egybest.vin/movie/spotlight-2015/?ref=movies-p15
Hereditary (2018),7.3,2:07:26,https://seen.egybest.vin/movie/hereditary-2018/?ref=movies-p15
The Matrix Resurrections (2021),5.7,2:27:58,https://seen.egybest.vin/movie/the-matrix-resurrections-2021/?ref=movies-p15
Room (2015),8.1,1:57:38,https://seen.egybest.vin/movie/room-2015/?ref=movies-p15
Pokémon Detective Pikachu (2019),6.7,1:44:30,https://seen.egybest.vin/movie/pokemon-detective-pikachu-2019/?ref=movies-p16
Drive (2011),7.8,1:40:48,https://seen.egybest.vin/movie/drive-2011/?ref=movies-p16
The Green Mile (1999),8.6,3:08:38,https://seen.egybest.vin/movie/the-green-mile-1999/?ref=movies-p16
Catch Me If You Can (2002),8.1,2:20:43,https://seen.egybest.vin/movie/catch-me-if-you-can-2002/?ref=movies-p16
Bridge of Spies (2015),7.6,2:21:20,https://seen.egybest.vin/movie/bridge-of-spies-2015/?ref=movies-p16
BlacKkKlansman (2018),7.5,2:14:50,https://seen.egybest.vin/movie/blackkklansman-2018/?ref=movies-p16
Titanic (1997),7.9,3:14:50,https://seen.egybest.vin/movie/titanic-1997/?ref=movies-p16
Ratatouille (2007),8.1,1:50:31,https://seen.egybest.vin/movie/ratatouille-2007/?ref=movies-p16
Alita: Battle Angel (2019),7.3,2:01:58,https://seen.egybest.vin/movie/alita-battle-angel-2019/?ref=movies-p16
The Amazing Spider-Man (2012),6.9,2:16:18,https://seen.egybest.vin/movie/the-amazing-spider-man-2012/?ref=movies-p16
Big Hero 6 (2014),7.8,1:41:53,https://seen.egybest.vin/movie/big-hero-6-2014/?ref=movies-p16
Looper (2012),7.4,1:58:53,https://seen.egybest.vin/movie/looper-2012/?ref=movies-p16
K.G.F: Chapter 2 (2022),8.5,2:45:57,https://seen.egybest.vin/movie/k-g-f-chapter-2-2022/?ref=movies-p17
Fury (2014),7.6,2:14:38,https://seen.egybest.vin/movie/fury-2014/?ref=movies-p17
Mission: Impossible - Ghost Protocol (2011),7.4,2:12:57,https://seen.egybest.vin/movie/mission-impossible-ghost-protocol-2011/?ref=movies-p17
The Truman Show (1998),8.2,1:42:57,https://seen.egybest.vin/movie/the-truman-show-1998/?ref=movies-p17
Prometheus (2012),7,2:03:47,https://seen.egybest.vin/movie/prometheus-2012/?ref=movies-p17
Us (2019),6.8,1:56:28,https://seen.egybest.vin/movie/us-2019/?ref=movies-p17
The Perks of Being a Wallflower (2012),8,1:42:40,https://seen.egybest.vin/movie/the-perks-of-being-a-wallflower-2012/?ref=movies-p17
Warcraft: The Beginning (2016),6.8,2:03:08,https://seen.egybest.vin/movie/warcraft-2016/?ref=movies-p17
The Theory of Everything (2014),7.7,2:03:25,https://seen.egybest.vin/movie/the-theory-of-everything-2014/?ref=movies-p17
A Beautiful Mind (2001),8.2,2:15:19,https://seen.egybest.vin/movie/a-beautiful-mind-2001/?ref=movies-p17
Incredibles 2 (2018),7.6,1:57:51,https://seen.egybest.vin/movie/incredibles-2-2018/?ref=movies-p17
Ted (2012),6.9,1:52:15,https://seen.egybest.vin/movie/ted-2012/?ref=movies-p17
Solo: A Star Wars Story (2018),6.9,2:14:47,https://seen.egybest.vin/movie/solo-a-star-wars-story-2018/?ref=movies-p18
The Gray Man (2022),6.5,2:09:02,https://seen.egybest.vin/movie/the-gray-man-2022/?ref=movies-p18
X-Men: Apocalypse (2016),6.9,2:23:56,https://seen.egybest.vin/movie/x-men-apocalypse-2016/?ref=movies-p18
Sin City (2005),8,2:21:45,https://seen.egybest.vin/movie/sin-city-2005/?ref=movies-p18
The Godfather (1972),9.2,2:57:10,https://seen.egybest.vin/movie/the-godfather-1972/?ref=movies-p18
Ghostbusters: Afterlife (2021),7.1,2:03:57,https://seen.egybest.vin/movie/ghostbusters-afterlife-2021/?ref=movies-p18
Star Trek Into Darkness (2013),7.7,2:12:06,https://seen.egybest.vin/movie/star-trek-into-darkness-2013/?ref=movies-p18
Jojo Rabbit (2019),8,1:48:24,https://seen.egybest.vin/movie/jojo-rabbit-2019/?ref=movies-p18
Aladdin (2019),6.9,2:08:00,https://seen.egybest.vin/movie/aladdin-2019/?ref=movies-p18
Wrath of Man (2021),7.1,1:58:57,https://seen.egybest.vin/movie/wrath-of-man-2021/?ref=movies-p18
Venom: Let There Be Carnage (2021),5.9,1:37:18,https://seen.egybest.vin/movie/venom-let-there-be-carnage-2021/?ref=movies-p18
300 (2006),7.6,1:56:33,https://seen.egybest.vin/movie/300-2006/?ref=movies-p18
"Monsters, Inc. (2001)",8.1,1:32:16,https://seen.egybest.vin/movie/monsters-inc-2001/?ref=movies-p19
Jumanji: Welcome to the Jungle (2017),6.9,1:59:04,https://seen.egybest.vin/movie/jumanji-welcome-to-the-jungle-2017/?ref=movies-p19
Passengers (2016),7,1:56:11,https://seen.egybest.vin/movie/passengers-2016/?ref=movies-p19
Sherlock Holmes (2009),7.6,2:08:22,https://seen.egybest.vin/movie/sherlock-holmes-2009/?ref=movies-p19
American Sniper (2014),7.3,2:12:40,https://seen.egybest.vin/movie/american-sniper-2014/?ref=movies-p19
Spectre (2015),6.8,2:28:07,https://seen.egybest.vin/movie/spectre-2015/?ref=movies-p19
American History X (1998),8.5,1:58:54,https://seen.egybest.vin/movie/american-history-x-1998/?ref=movies-p19
Rush (2013),8.1,2:02:42,https://seen.egybest.vin/movie/rush-2013/?ref=movies-p19
Jungle Cruise (2021),6.6,2:07:19,https://seen.egybest.vin/movie/jungle-cruise-2021/?ref=movies-p19
Dallas Buyers Club (2013),8,1:56:57,https://seen.egybest.vin/movie/dallas-buyers-club-2013/?ref=movies-p19
Star Trek (2009),7.9,2:06:50,https://seen.egybest.vin/movie/star-trek-2009/?ref=movies-p19
Prey (2022),7.2,1:39:30,https://seen.egybest.vin/movie/prey-2022/?ref=movies-p19
Long Shot (2019),6.8,2:04:57,https://seen.egybest.vin/movie/long-shot-2019/?ref=movies-p20
The Big Short (2015),7.8,2:10:16,https://seen.egybest.vin/movie/the-big-short-2015/?ref=movies-p20
The Northman (2022),7.3,2:16:54,https://seen.egybest.vin/movie/the-northman-2022/?ref=movies-p20
Braveheart (1995),8.4,2:57:43,https://seen.egybest.vin/movie/braveheart-1995/?ref=movies-p20
Bird Box (2018),6.6,2:03:51,https://seen.egybest.vin/movie/bird-box-2018/?ref=movies-p20
Dawn of the Planet of the Apes (2014),7.6,2:10:24,https://seen.egybest.vin/movie/dawn-of-the-planet-of-the-apes-2014/?ref=movies-p20
Nightcrawler (2014),7.9,1:58:05,https://seen.egybest.vin/movie/nightcrawler-2014/?ref=movies-p20
The Pianist (2002),8.5,2:28:45,https://seen.egybest.vin/movie/the-pianist-2002/?ref=movies-p20
The Curious Case of Benjamin Button (2008),7.8,2:46:04,https://seen.egybest.vin/movie/the-curious-case-of-benjamin-button-2008/?ref=movies-p20
Wonder Woman 1984 (2020),5.4,2:31:08,https://seen.egybest.vin/movie/wonder-woman-1984-2020/?ref=movies-p20
The Usual Suspects (1995),8.5,1:46:04,https://seen.egybest.vin/movie/the-usual-suspects-1995/?ref=movies-p20
21 Jump Street (2012),7.2,1:49:38,https://seen.egybest.vin/movie/21-jump-street-2012/?ref=movies-p20
Terminator 2: Judgment Day (1991),8.5,2:33:26,https://seen.egybest.vin/movie/terminator-2-judgment-day-1991/?ref=movies-p21
Luca (2021),7.4,1:35:15,https://seen.egybest.vin/movie/luca-2021/?ref=movies-p21
Ocean's Eight (2018),6.2,1:50:09,https://seen.egybest.vin/movie/oceans-eight-2018/?ref=movies-p21
The Tomorrow War (2021),6.6,2:18:06,https://seen.egybest.vin/movie/the-tomorrow-war-2021/?ref=movies-p21
Limitless (2011),7.4,1:45:34,https://seen.egybest.vin/movie/limitless-2011/?ref=movies-p21
American Hustle (2013),7.2,2:18:04,https://seen.egybest.vin/movie/american-hustle-2013/?ref=movies-p21
The Bourne Ultimatum (2007),8,1:55:14,https://seen.egybest.vin/movie/the-bourne-ultimatum-2007/?ref=movies-p21
The Incredibles (2004),8,1:55:26,https://seen.egybest.vin/movie/the-incredibles-2004/?ref=movies-p21
Star Wars: Episode III - Revenge of the Sith (2005),7.5,2:20:06,https://seen.egybest.vin/movie/star-wars-episode-iii-revenge-of-the-sith-2005/?ref=movies-p21
Goodfellas (1990),8.7,2:25:21,https://seen.egybest.vin/movie/goodfellas-1990/?ref=movies-p21
Harry Potter and the Deathly Hallows: Part 1 (2010),7.7,2:26:05,https://seen.egybest.vin/movie/harry-potter-and-the-deathly-hallows-part-1-2010/?ref=movies-p21
Elvis (2022),7.5,2:39:14,https://seen.egybest.vin/movie/elvis-2022/?ref=movies-p21
Despicable Me (2010),7.6,1:34:49,https://seen.egybest.vin/movie/despicable-me-2010/?ref=movies-p22
Casino Royale (2006),8,2:24:33,https://seen.egybest.vin/movie/casino-royale-2006/?ref=movies-p22
Moana (2016),7.6,1:47:13,https://seen.egybest.vin/movie/moana-2016/?ref=movies-p22
Divergent (2014),6.7,2:19:41,https://seen.egybest.vin/movie/divergent-2014/?ref=movies-p22
A Quiet Place Part II (2020),7.3,1:37:01,https://seen.egybest.vin/movie/a-quiet-place-part-ii-2020/?ref=movies-p22
The Lion King (2019),6.8,1:58:16,https://seen.egybest.vin/movie/the-lion-king-2019/?ref=movies-p22
Rise of the Planet of the Apes (2011),7.6,1:44:57,https://seen.egybest.vin/movie/rise-of-the-planet-of-the-apes-2011/?ref=movies-p22
Pirates of the Caribbean: Dead Man's Chest (2006),7.3,2:30:39,https://seen.egybest.vin/movie/pirates-of-the-caribbean-dead-mans-chest-2006/?ref=movies-p22
It Chapter Two (2019),6.5,2:49:26,https://seen.egybest.vin/movie/it-chapter-two-2019/?ref=movies-p22
Pan's Labyrinth (2006),8.2,1:59:22,https://seen.egybest.vin/movie/pans-labyrinth-2006/?ref=movies-p22
City of God (2002),8.6,2:09:49,https://seen.egybest.vin/movie/city-of-god-2002/?ref=movies-p22
Taken (2008),7.8,1:33:46,https://seen.egybest.vin/movie/taken-2008/?ref=movies-p22
The Power of the Dog (2021),6.9,2:08:43,https://seen.egybest.vin/movie/the-power-of-the-dog-2021/?ref=movies-p23
The Amazing Spider-Man 2 (2014),6.5,2:21:35,https://seen.egybest.vin/movie/the-amazing-spider-man-2-2014/?ref=movies-p23
Glass (2019),6.9,2:09:02,https://seen.egybest.vin/movie/glass-2019/?ref=movies-p23
Kill Bill: Vol. 2 (2004),8,2:16:58,https://seen.egybest.vin/movie/kill-bill-vol-2-2004/?ref=movies-p23
Into the Wild (2007),8.1,2:28:19,https://seen.egybest.vin/movie/into-the-wild-2007/?ref=movies-p23
Godzilla vs. Kong (2021),6.4,1:53:09,https://seen.egybest.vin/movie/godzilla-vs-kong-2021/?ref=movies-p23
I Am Legend (2007),7.2,1:56:59,https://seen.egybest.vin/movie/i-am-legend-2007/?ref=movies-p23
Raya and the Last Dragon (2021),7.3,1:47:29,https://seen.egybest.vin/movie/raya-and-the-last-dragon-2021/?ref=movies-p23
Terminator Genisys (2015),6.4,2:05:44,https://seen.egybest.vin/movie/terminator-genisys-2015/?ref=movies-p23
El Camino: A Breaking Bad Movie (2019),7.3,2:02:43,https://seen.egybest.vin/movie/el-camino-a-breaking-bad-movie-2019/?ref=movies-p23
Source Code (2011),7.5,1:33:13,https://seen.egybest.vin/movie/source-code-2011/?ref=movies-p23
The Great Gatsby (2013),7.3,2:22:06,https://seen.egybest.vin/movie/the-great-gatsby-2013/?ref=movies-p23
