Movie Name,Rating,Duration,Link
Joker (2019),8.4,02:01:50,https://seen.egybest.vin/movie/joker-2019/?ref=movies-p1
The Batman (2022),7.9,02:56:12,https://seen.egybest.vin/movie/the-batman-2022/?ref=movies-p1
Avengers: Endgame (2019),8.4,03:01:12,https://seen.egybest.vin/movie/avengers-endgame-2019/?ref=movies-p1
Interstellar (2014),8.6,02:49:04,https://seen.egybest.vin/movie/interstellar-2014/?ref=movies-p1
Spider-Man: No Way Home (2021),8.3,02:28:10,https://seen.egybest.vin/movie/spider-man-no-way-home-2021/?ref=movies-p1
Inception (2010),8.8,02:28:09,https://seen.egybest.vin/movie/inception-2010/?ref=movies-p1
The Dark Knight (2008),9.0,02:32:14,https://seen.egybest.vin/movie/the-dark-knight-2008/?ref=movies-p1
The Irishman (2019),7.9,03:29:27,https://seen.egybest.vin/movie/the-irishman-2019/?ref=movies-p1
Avengers: Infinity War (2018),8.4,02:29:22,https://seen.egybest.vin/movie/avengers-infinity-war-2018/?ref=movies-p1
Dune (2021),8.0,02:35:27,https://seen.egybest.vin/movie/dune-2021/?ref=movies-p1
Parasite (2019),8.5,02:11:49,https://seen.egybest.vin/movie/parasite-2019/?ref=movies-p1
The Dark Knight Rises (2012),8.4,02:44:33,https://seen.egybest.vin/movie/the-dark-knight-rises-2012/?ref=movies-p1
The Wolf of Wall Street (2013),8.2,02:59:53,https://seen.egybest.vin/movie/the-wolf-of-wall-street-2013/?ref=movies-p2
Once Upon a Time ... in Hollywood (2019),7.6,02:41:30,https://seen.egybest.vin/movie/once-upon-a-time-in-hollywood-2019/?ref=movies-p2
Deadpool (2016),8.0,01:48:07,https://seen.egybest.vin/movie/deadpool-2016/?ref=movies-p2
Django Unchained (2012),8.4,02:45:22,https://seen.egybest.vin/movie/django-unchained-2012/?ref=movies-p2
Top Gun: Maverick (2022),8.5,02:10:15,https://seen.egybest.vin/movie/top-gun-maverick-2022/?ref=movies-p2
Bohemian Rhapsody (2018),8.1,02:14:38,https://seen.egybest.vin/movie/bohemian-rhapsody-2018/?ref=movies-p2
The Avengers (2012),8.0,02:22:55,https://seen.egybest.vin/movie/the-avengers-2012/?ref=movies-p2
Guardians of the Galaxy (2014),8.0,02:00:51,https://seen.egybest.vin/movie/guardians-of-the-galaxy-2014/?ref=movies-p2
The Shawshank Redemption (1994),9.3,دراما,https://seen.egybest.vin/movie/the-shawshank-redemption-1994/?ref=movies-p2
Deadpool 2 Super Duper UNRATED (2018),8.0,02:22:34,https://seen.egybest.vin/movie/deadpool-2-super-duper-unrated-2018/?ref=movies-p2
Zack Snyder's Justice League (2021),8.0,02:14:00,https://seen.egybest.vin/movie/zack-snyders-justice-league-2021/?ref=movies-p2
Mad Max: Fury Road (2015),8.1,04:02:08,https://seen.egybest.vin/movie/mad-max-fury-road-2015/?ref=movies-p2
The Lord of the Rings: The Return of the King (2003),9.0,02:00:24,https://seen.egybest.vin/movie/the-lord-of-the-rings-the-return-of-the-king-2003/?ref=movies-p3
1917 (2019),8.3,04:23:16,https://seen.egybest.vin/movie/1917-2019/?ref=movies-p3
Black Panther (2018),7.3,01:58:59,https://seen.egybest.vin/movie/black-panther-2018/?ref=movies-p3
Gone Girl (2014),8.1,02:14:34,https://seen.egybest.vin/movie/gone-girl-2014/?ref=movies-p3
No Time to Die (2021),7.3,02:29:02,https://seen.egybest.vin/movie/no-time-to-die-2021/?ref=movies-p3
Star Wars: The Force Awakens (2015),7.8,02:43:25,https://seen.egybest.vin/movie/star-wars-episode-vii-the-force-awakens-2015/?ref=movies-p3
Tenet (2020),7.3,02:18:07,https://seen.egybest.vin/movie/tenet-2020/?ref=movies-p3
Inglourious Basterds (2009),8.3,02:30:10,https://seen.egybest.vin/movie/inglourious-basterds-2009/?ref=movies-p3
Fight Club (1999),8.8,02:33:00,https://seen.egybest.vin/movie/fight-club-1999/?ref=movies-p3
Thor: Ragnarok (2017),7.9,دراما,https://seen.egybest.vin/movie/thor-ragnarok-2017/?ref=movies-p3
"Three Billboards Outside Ebbing, Missouri (2017)",8.2,02:19:09,https://seen.egybest.vin/movie/three-billboards-outside-ebbing-missouri-2017/?ref=movies-p3
Logan (2017),8.1,02:10:31,https://seen.egybest.vin/movie/logan-2017/?ref=movies-p3
,,01:55:21,
,,02:17:24,
